k,silhouette,min_cluster_size,max_cluster_size
2,0.11608163112789856,795,1205
3,0.11203382602167343,222,983
4,0.11593554779603585,222,983
5,0.11444700187189591,222,698
6,0.11390433940344719,221,698
7,0.12650490308465162,221,428
8,0.13229576655160694,94,334
9,0.14174883141018096,94,304
10,0.14845116121556412,64,304
